[{"model": "admin.logentry", "pk": 1, "fields": {"action_time": "2025-01-23T21:32:57.932Z", "user": 1, "content_type": 6, "object_id": "2", "object_repr": "infos@chillnow-ci.com", "action_flag": 1, "change_message": "[{\"added\": {}}]"}}, {"model": "admin.logentry", "pk": 2, "fields": {"action_time": "2025-01-23T21:33:53.615Z", "user": 1, "content_type": 6, "object_id": "2", "object_repr": "infos@chillnow-ci.com", "action_flag": 2, "change_message": "[{\"changed\": {\"fields\": [\"Profile image\"]}}]"}}, {"model": "admin.logentry", "pk": 3, "fields": {"action_time": "2025-01-23T21:42:05.033Z", "user": 1, "content_type": 6, "object_id": "2", "object_repr": "infos@chillnow-ci.com", "action_flag": 2, "change_message": "[{\"changed\": {\"fields\": [\"Role\"]}}]"}}, {"model": "admin.logentry", "pk": 4, "fields": {"action_time": "2025-01-24T23:01:04.145Z", "user": 1, "content_type": 10, "object_id": "4", "object_repr": "La Diva concert (EVENT - EVENT - CONCERT)", "action_flag": 2, "change_message": "[{\"changed\": {\"fields\": [\"Titre\"]}}]"}}, {"model": "admin.logentry", "pk": 5, "fields": {"action_time": "2025-01-24T23:01:22.097Z", "user": 1, "content_type": 10, "object_id": "3", "object_repr": "Excursion road (PLACE TO BE - PLACE TO BE - EXCURSION)", "action_flag": 2, "change_message": "[{\"changed\": {\"fields\": [\"Titre\"]}}]"}}, {"model": "admin.logentry", "pk": 6, "fields": {"action_time": "2025-01-24T23:01:35.907Z", "user": 1, "content_type": 10, "object_id": "2", "object_repr": "As doré (CHILL - CHILL - PUB)", "action_flag": 2, "change_message": "[{\"changed\": {\"fields\": [\"Titre\"]}}]"}}, {"model": "admin.logentry", "pk": 7, "fields": {"action_time": "2025-01-24T23:01:46.954Z", "user": 1, "content_type": 10, "object_id": "1", "object_repr": "Top Bar (CHILL - CHILL - ROOFTOP)", "action_flag": 2, "change_message": "[{\"changed\": {\"fields\": [\"Titre\"]}}]"}}, {"model": "admin.logentry", "pk": 8, "fields": {"action_time": "2025-01-25T01:07:43.605Z", "user": 1, "content_type": 6, "object_id": "2", "object_repr": "infos@chillnow-ci.com", "action_flag": 2, "change_message": "[{\"changed\": {\"fields\": [\"Profile image\"]}}]"}}, {"model": "admin.logentry", "pk": 9, "fields": {"action_time": "2025-01-25T01:07:53.714Z", "user": 1, "content_type": 6, "object_id": "2", "object_repr": "infos@chillnow-ci.com", "action_flag": 2, "change_message": "[{\"changed\": {\"fields\": [\"Profile image\"]}}]"}}, {"model": "admin.logentry", "pk": 10, "fields": {"action_time": "2025-01-25T13:23:31.845Z", "user": 1, "content_type": 14, "object_id": "1", "object_repr": "Paiement 777777 - 10000 FCFA", "action_flag": 1, "change_message": "[{\"added\": {}}]"}}, {"model": "admin.logentry", "pk": 11, "fields": {"action_time": "2025-01-25T14:06:04.891Z", "user": 1, "content_type": 6, "object_id": "2", "object_repr": "infos@chillnow-ci.com", "action_flag": 2, "change_message": "[]"}}, {"model": "admin.logentry", "pk": 12, "fields": {"action_time": "2025-01-26T05:41:26.038Z", "user": 1, "content_type": 14, "object_id": "1", "object_repr": "Paiement 777777 - 10000.00 FCFA", "action_flag": 2, "change_message": "[{\"changed\": {\"fields\": [\"Annonce\"]}}]"}}, {"model": "admin.logentry", "pk": 13, "fields": {"action_time": "2025-01-27T05:53:27.418Z", "user": 1, "content_type": 21, "object_id": "2", "object_repr": "Sunset Rooftop (CHILL - CHILL - ROOFTOP)", "action_flag": 2, "change_message": "[{\"changed\": {\"name\": \"Tarif\", \"object\": \"Entr\\u00e9e standard - 5000.00\\u20ac\", \"fields\": [\"Nom\"]}}, {\"changed\": {\"name\": \"Tarif\", \"object\": \"Tarif r\\u00e9duit - 3000.00\\u20ac\", \"fields\": [\"Nom\"]}}]"}}, {"model": "admin.logentry", "pk": 14, "fields": {"action_time": "2025-01-27T09:46:36.495Z", "user": 1, "content_type": 6, "object_id": "2", "object_repr": "infos@chillnow-ci.com", "action_flag": 2, "change_message": "[{\"changed\": {\"fields\": [\"Address\", \"City\"]}}]"}}, {"model": "auth.permission", "pk": 1, "fields": {"name": "Can add log entry", "content_type": 1, "codename": "add_logentry"}}, {"model": "auth.permission", "pk": 2, "fields": {"name": "Can change log entry", "content_type": 1, "codename": "change_logentry"}}, {"model": "auth.permission", "pk": 3, "fields": {"name": "Can delete log entry", "content_type": 1, "codename": "delete_logentry"}}, {"model": "auth.permission", "pk": 4, "fields": {"name": "Can view log entry", "content_type": 1, "codename": "view_logentry"}}, {"model": "auth.permission", "pk": 5, "fields": {"name": "Can add permission", "content_type": 2, "codename": "add_permission"}}, {"model": "auth.permission", "pk": 6, "fields": {"name": "Can change permission", "content_type": 2, "codename": "change_permission"}}, {"model": "auth.permission", "pk": 7, "fields": {"name": "Can delete permission", "content_type": 2, "codename": "delete_permission"}}, {"model": "auth.permission", "pk": 8, "fields": {"name": "Can view permission", "content_type": 2, "codename": "view_permission"}}, {"model": "auth.permission", "pk": 9, "fields": {"name": "Can add group", "content_type": 3, "codename": "add_group"}}, {"model": "auth.permission", "pk": 10, "fields": {"name": "Can change group", "content_type": 3, "codename": "change_group"}}, {"model": "auth.permission", "pk": 11, "fields": {"name": "Can delete group", "content_type": 3, "codename": "delete_group"}}, {"model": "auth.permission", "pk": 12, "fields": {"name": "Can view group", "content_type": 3, "codename": "view_group"}}, {"model": "auth.permission", "pk": 13, "fields": {"name": "Can add content type", "content_type": 4, "codename": "add_contenttype"}}, {"model": "auth.permission", "pk": 14, "fields": {"name": "Can change content type", "content_type": 4, "codename": "change_contenttype"}}, {"model": "auth.permission", "pk": 15, "fields": {"name": "Can delete content type", "content_type": 4, "codename": "delete_contenttype"}}, {"model": "auth.permission", "pk": 16, "fields": {"name": "Can view content type", "content_type": 4, "codename": "view_contenttype"}}, {"model": "auth.permission", "pk": 17, "fields": {"name": "Can add session", "content_type": 5, "codename": "add_session"}}, {"model": "auth.permission", "pk": 18, "fields": {"name": "Can change session", "content_type": 5, "codename": "change_session"}}, {"model": "auth.permission", "pk": 19, "fields": {"name": "Can delete session", "content_type": 5, "codename": "delete_session"}}, {"model": "auth.permission", "pk": 20, "fields": {"name": "Can view session", "content_type": 5, "codename": "view_session"}}, {"model": "auth.permission", "pk": 21, "fields": {"name": "Can add user", "content_type": 6, "codename": "add_user"}}, {"model": "auth.permission", "pk": 22, "fields": {"name": "Can change user", "content_type": 6, "codename": "change_user"}}, {"model": "auth.permission", "pk": 23, "fields": {"name": "Can delete user", "content_type": 6, "codename": "delete_user"}}, {"model": "auth.permission", "pk": 24, "fields": {"name": "Can view user", "content_type": 6, "codename": "view_user"}}, {"model": "auth.permission", "pk": 25, "fields": {"name": "Can add preference", "content_type": 7, "codename": "add_preference"}}, {"model": "auth.permission", "pk": 26, "fields": {"name": "Can change preference", "content_type": 7, "codename": "change_preference"}}, {"model": "auth.permission", "pk": 27, "fields": {"name": "Can delete preference", "content_type": 7, "codename": "delete_preference"}}, {"model": "auth.permission", "pk": 28, "fields": {"name": "Can view preference", "content_type": 7, "codename": "view_preference"}}, {"model": "auth.permission", "pk": 29, "fields": {"name": "Can add Catégorie", "content_type": 8, "codename": "add_categorie"}}, {"model": "auth.permission", "pk": 30, "fields": {"name": "Can change Catégorie", "content_type": 8, "codename": "change_categorie"}}, {"model": "auth.permission", "pk": 31, "fields": {"name": "Can delete Catégorie", "content_type": 8, "codename": "delete_categorie"}}, {"model": "auth.permission", "pk": 32, "fields": {"name": "Can view Catégorie", "content_type": 8, "codename": "view_categorie"}}, {"model": "auth.permission", "pk": 33, "fields": {"name": "Can add Sous-catégorie", "content_type": 9, "codename": "add_souscategorie"}}, {"model": "auth.permission", "pk": 34, "fields": {"name": "Can change Sous-catégorie", "content_type": 9, "codename": "change_souscategorie"}}, {"model": "auth.permission", "pk": 35, "fields": {"name": "Can delete Sous-catégorie", "content_type": 9, "codename": "delete_souscategorie"}}, {"model": "auth.permission", "pk": 36, "fields": {"name": "Can view Sous-catégorie", "content_type": 9, "codename": "view_souscategorie"}}, {"model": "auth.permission", "pk": 37, "fields": {"name": "Can add Annonce", "content_type": 10, "codename": "add_annonce"}}, {"model": "auth.permission", "pk": 38, "fields": {"name": "Can change Annonce", "content_type": 10, "codename": "change_annonce"}}, {"model": "auth.permission", "pk": 39, "fields": {"name": "Can delete Annonce", "content_type": 10, "codename": "delete_annonce"}}, {"model": "auth.permission", "pk": 40, "fields": {"name": "Can view Annonce", "content_type": 10, "codename": "view_annonce"}}, {"model": "auth.permission", "pk": 41, "fields": {"name": "Can add tarif", "content_type": 11, "codename": "add_tarif"}}, {"model": "auth.permission", "pk": 42, "fields": {"name": "Can change tarif", "content_type": 11, "codename": "change_tarif"}}, {"model": "auth.permission", "pk": 43, "fields": {"name": "Can delete tarif", "content_type": 11, "codename": "delete_tarif"}}, {"model": "auth.permission", "pk": 44, "fields": {"name": "Can view tarif", "content_type": 11, "codename": "view_tarif"}}, {"model": "auth.permission", "pk": 45, "fields": {"name": "Can add horaire", "content_type": 12, "codename": "add_horaire"}}, {"model": "auth.permission", "pk": 46, "fields": {"name": "Can change horaire", "content_type": 12, "codename": "change_horaire"}}, {"model": "auth.permission", "pk": 47, "fields": {"name": "Can delete horaire", "content_type": 12, "codename": "delete_horaire"}}, {"model": "auth.permission", "pk": 48, "fields": {"name": "Can view horaire", "content_type": 12, "codename": "view_horaire"}}, {"model": "auth.permission", "pk": 49, "fields": {"name": "Can add galerie photo", "content_type": 13, "codename": "add_galeriephoto"}}, {"model": "auth.permission", "pk": 50, "fields": {"name": "Can change galerie photo", "content_type": 13, "codename": "change_galeriephoto"}}, {"model": "auth.permission", "pk": 51, "fields": {"name": "Can delete galerie photo", "content_type": 13, "codename": "delete_galeriephoto"}}, {"model": "auth.permission", "pk": 52, "fields": {"name": "Can view galerie photo", "content_type": 13, "codename": "view_galeriephoto"}}, {"model": "auth.permission", "pk": 53, "fields": {"name": "Can add payment", "content_type": 14, "codename": "add_payment"}}, {"model": "auth.permission", "pk": 54, "fields": {"name": "Can change payment", "content_type": 14, "codename": "change_payment"}}, {"model": "auth.permission", "pk": 55, "fields": {"name": "Can delete payment", "content_type": 14, "codename": "delete_payment"}}, {"model": "auth.permission", "pk": 56, "fields": {"name": "Can view payment", "content_type": 14, "codename": "view_payment"}}, {"model": "auth.permission", "pk": 57, "fields": {"name": "Can add announcement", "content_type": 15, "codename": "add_announcement"}}, {"model": "auth.permission", "pk": 58, "fields": {"name": "Can change announcement", "content_type": 15, "codename": "change_announcement"}}, {"model": "auth.permission", "pk": 59, "fields": {"name": "Can delete announcement", "content_type": 15, "codename": "delete_announcement"}}, {"model": "auth.permission", "pk": 60, "fields": {"name": "Can view announcement", "content_type": 15, "codename": "view_announcement"}}, {"model": "auth.permission", "pk": 61, "fields": {"name": "Can add sub category", "content_type": 16, "codename": "add_subcategory"}}, {"model": "auth.permission", "pk": 62, "fields": {"name": "Can change sub category", "content_type": 16, "codename": "change_subcategory"}}, {"model": "auth.permission", "pk": 63, "fields": {"name": "Can delete sub category", "content_type": 16, "codename": "delete_subcategory"}}, {"model": "auth.permission", "pk": 64, "fields": {"name": "Can view sub category", "content_type": 16, "codename": "view_subcategory"}}, {"model": "auth.permission", "pk": 65, "fields": {"name": "Can add payment", "content_type": 17, "codename": "add_payment"}}, {"model": "auth.permission", "pk": 66, "fields": {"name": "Can change payment", "content_type": 17, "codename": "change_payment"}}, {"model": "auth.permission", "pk": 67, "fields": {"name": "Can delete payment", "content_type": 17, "codename": "delete_payment"}}, {"model": "auth.permission", "pk": 68, "fields": {"name": "Can view payment", "content_type": 17, "codename": "view_payment"}}, {"model": "auth.permission", "pk": 69, "fields": {"name": "Can add billing info", "content_type": 18, "codename": "add_billinginfo"}}, {"model": "auth.permission", "pk": 70, "fields": {"name": "Can change billing info", "content_type": 18, "codename": "change_billinginfo"}}, {"model": "auth.permission", "pk": 71, "fields": {"name": "Can delete billing info", "content_type": 18, "codename": "delete_billinginfo"}}, {"model": "auth.permission", "pk": 72, "fields": {"name": "Can view billing info", "content_type": 18, "codename": "view_billinginfo"}}, {"model": "auth.permission", "pk": 73, "fields": {"name": "Can add category", "content_type": 19, "codename": "add_category"}}, {"model": "auth.permission", "pk": 74, "fields": {"name": "Can change category", "content_type": 19, "codename": "change_category"}}, {"model": "auth.permission", "pk": 75, "fields": {"name": "Can delete category", "content_type": 19, "codename": "delete_category"}}, {"model": "auth.permission", "pk": 76, "fields": {"name": "Can view category", "content_type": 19, "codename": "view_category"}}, {"model": "auth.permission", "pk": 77, "fields": {"name": "Can add Catégorie", "content_type": 20, "codename": "add_categorie"}}, {"model": "auth.permission", "pk": 78, "fields": {"name": "Can change Catégorie", "content_type": 20, "codename": "change_categorie"}}, {"model": "auth.permission", "pk": 79, "fields": {"name": "Can delete Catégorie", "content_type": 20, "codename": "delete_categorie"}}, {"model": "auth.permission", "pk": 80, "fields": {"name": "Can view Catégorie", "content_type": 20, "codename": "view_categorie"}}, {"model": "auth.permission", "pk": 81, "fields": {"name": "Can add Annonce", "content_type": 21, "codename": "add_annonce"}}, {"model": "auth.permission", "pk": 82, "fields": {"name": "Can change Annonce", "content_type": 21, "codename": "change_annonce"}}, {"model": "auth.permission", "pk": 83, "fields": {"name": "Can delete Annonce", "content_type": 21, "codename": "delete_annonce"}}, {"model": "auth.permission", "pk": 84, "fields": {"name": "Can view Annonce", "content_type": 21, "codename": "view_annonce"}}, {"model": "auth.permission", "pk": 85, "fields": {"name": "Can add Photo", "content_type": 22, "codename": "add_galeriephoto"}}, {"model": "auth.permission", "pk": 86, "fields": {"name": "Can change Photo", "content_type": 22, "codename": "change_galeriephoto"}}, {"model": "auth.permission", "pk": 87, "fields": {"name": "Can delete Photo", "content_type": 22, "codename": "delete_galeriephoto"}}, {"model": "auth.permission", "pk": 88, "fields": {"name": "Can view Photo", "content_type": 22, "codename": "view_galeriephoto"}}, {"model": "auth.permission", "pk": 89, "fields": {"name": "Can add Horaire", "content_type": 23, "codename": "add_horaire"}}, {"model": "auth.permission", "pk": 90, "fields": {"name": "Can change Horaire", "content_type": 23, "codename": "change_horaire"}}, {"model": "auth.permission", "pk": 91, "fields": {"name": "Can delete Horaire", "content_type": 23, "codename": "delete_horaire"}}, {"model": "auth.permission", "pk": 92, "fields": {"name": "Can view Horaire", "content_type": 23, "codename": "view_horaire"}}, {"model": "auth.permission", "pk": 93, "fields": {"name": "Can add Sous-catégorie", "content_type": 24, "codename": "add_souscategorie"}}, {"model": "auth.permission", "pk": 94, "fields": {"name": "Can change Sous-catégorie", "content_type": 24, "codename": "change_souscategorie"}}, {"model": "auth.permission", "pk": 95, "fields": {"name": "Can delete Sous-catégorie", "content_type": 24, "codename": "delete_souscategorie"}}, {"model": "auth.permission", "pk": 96, "fields": {"name": "Can view Sous-catégorie", "content_type": 24, "codename": "view_souscategorie"}}, {"model": "auth.permission", "pk": 97, "fields": {"name": "Can add Tarif", "content_type": 25, "codename": "add_tarif"}}, {"model": "auth.permission", "pk": 98, "fields": {"name": "Can change Tarif", "content_type": 25, "codename": "change_tarif"}}, {"model": "auth.permission", "pk": 99, "fields": {"name": "Can delete Tarif", "content_type": 25, "codename": "delete_tarif"}}, {"model": "auth.permission", "pk": 100, "fields": {"name": "Can view Tarif", "content_type": 25, "codename": "view_tarif"}}, {"model": "contenttypes.contenttype", "pk": 1, "fields": {"app_label": "admin", "model": "logentry"}}, {"model": "contenttypes.contenttype", "pk": 2, "fields": {"app_label": "auth", "model": "permission"}}, {"model": "contenttypes.contenttype", "pk": 3, "fields": {"app_label": "auth", "model": "group"}}, {"model": "contenttypes.contenttype", "pk": 4, "fields": {"app_label": "contenttypes", "model": "contenttype"}}, {"model": "contenttypes.contenttype", "pk": 5, "fields": {"app_label": "sessions", "model": "session"}}, {"model": "contenttypes.contenttype", "pk": 6, "fields": {"app_label": "users", "model": "user"}}, {"model": "contenttypes.contenttype", "pk": 7, "fields": {"app_label": "users", "model": "preference"}}, {"model": "contenttypes.contenttype", "pk": 8, "fields": {"app_label": "events", "model": "categorie"}}, {"model": "contenttypes.contenttype", "pk": 9, "fields": {"app_label": "events", "model": "souscategorie"}}, {"model": "contenttypes.contenttype", "pk": 10, "fields": {"app_label": "events", "model": "annonce"}}, {"model": "contenttypes.contenttype", "pk": 11, "fields": {"app_label": "events", "model": "tarif"}}, {"model": "contenttypes.contenttype", "pk": 12, "fields": {"app_label": "events", "model": "horaire"}}, {"model": "contenttypes.contenttype", "pk": 13, "fields": {"app_label": "events", "model": "galeriephoto"}}, {"model": "contenttypes.contenttype", "pk": 14, "fields": {"app_label": "payments", "model": "payment"}}, {"model": "contenttypes.contenttype", "pk": 15, "fields": {"app_label": "core", "model": "announcement"}}, {"model": "contenttypes.contenttype", "pk": 16, "fields": {"app_label": "core", "model": "subcategory"}}, {"model": "contenttypes.contenttype", "pk": 17, "fields": {"app_label": "core", "model": "payment"}}, {"model": "contenttypes.contenttype", "pk": 18, "fields": {"app_label": "core", "model": "billinginfo"}}, {"model": "contenttypes.contenttype", "pk": 19, "fields": {"app_label": "core", "model": "category"}}, {"model": "contenttypes.contenttype", "pk": 20, "fields": {"app_label": "core", "model": "categorie"}}, {"model": "contenttypes.contenttype", "pk": 21, "fields": {"app_label": "core", "model": "annonce"}}, {"model": "contenttypes.contenttype", "pk": 22, "fields": {"app_label": "core", "model": "galeriephoto"}}, {"model": "contenttypes.contenttype", "pk": 23, "fields": {"app_label": "core", "model": "horaire"}}, {"model": "contenttypes.contenttype", "pk": 24, "fields": {"app_label": "core", "model": "souscategorie"}}, {"model": "contenttypes.contenttype", "pk": 25, "fields": {"app_label": "core", "model": "tarif"}}, {"model": "sessions.session", "pk": "harkf2f0jp5xkoj6wkb5yihe8n6ufhq0", "fields": {"session_data": ".eJxVjEEOwiAQRe_C2hAsDAMu3XsGMsAgVUOT0q6Md7dNutDtf-_9twi0LjWsnecwZnERZ3H63SKlJ7cd5Ae1-yTT1JZ5jHJX5EG7vE2ZX9fD_Tuo1OtWozPoCwCX4qx1wASI1huNg4NoU4aovdVZlUgW_YbLoJJLaDgpNlp8vs3SN6U:1tdn9u:0G40hW9HJKAqNDSZmGNk3AOMMtzYa7DG5cXMUFooJ1g", "expire_date": "2025-02-14T09:17:54.393Z"}}, {"model": "sessions.session", "pk": "l3wp13n98pcql1x17n892pcajy648ghh", "fields": {"session_data": ".eJxVjEEOwiAQRe_C2hAsDAMu3XsGMsAgVUOT0q6Md7dNutDtf-_9twi0LjWsnecwZnERZ3H63SKlJ7cd5Ae1-yTT1JZ5jHJX5EG7vE2ZX9fD_Tuo1OtWozPoCwCX4qx1wASI1huNg4NoU4aovdVZlUgW_YbLoJJLaDgpNlp8vs3SN6U:1tbO9T:ivFarnKT70gZ5rFIpll-4g6ItctfoeHyxJlMNry8080", "expire_date": "2025-02-07T18:11:31.337Z"}}, {"model": "core.categorie", "pk": 1, "fields": {"nom": "CHILL", "description": "Endroits pour se détendre", "ordre": 1}}, {"model": "core.categorie", "pk": 2, "fields": {"nom": "PLACE TO BE", "description": "Lieux à découvrir", "ordre": 2}}, {"model": "core.categorie", "pk": 3, "fields": {"nom": "EVENT", "description": "Événements à ne pas manquer", "ordre": 3}}, {"model": "core.souscategorie", "pk": 1, "fields": {"categorie": 1, "nom": "ROOFTOP", "description": "Bars et restaurants en hauteur", "ordre": 1}}, {"model": "core.souscategorie", "pk": 2, "fields": {"categorie": 1, "nom": "PUB", "description": "Bars et pubs", "ordre": 2}}, {"model": "core.souscategorie", "pk": 3, "fields": {"categorie": 1, "nom": "NIGHT CLUB", "description": "Boîtes de nuit", "ordre": 3}}, {"model": "core.souscategorie", "pk": 4, "fields": {"categorie": 2, "nom": "EXCURSION", "description": "Sorties et excursions", "ordre": 1}}, {"model": "core.souscategorie", "pk": 5, "fields": {"categorie": 2, "nom": "DECOUVERTE", "description": "Lieux à découvrir", "ordre": 2}}, {"model": "core.souscategorie", "pk": 6, "fields": {"categorie": 3, "nom": "CONCERT", "description": "Concerts et spectacles", "ordre": 1}}, {"model": "core.souscategorie", "pk": 7, "fields": {"categorie": 3, "nom": "BRUNCH", "description": "Brunchs et petits déjeuners", "ordre": 2}}, {"model": "core.souscategorie", "pk": 8, "fields": {"categorie": 3, "nom": "SOIREE", "description": "Soirées et événements", "ordre": 3}}, {"model": "core.annonce", "pk": 3, "fields": {"created": "2024-01-26T00:00:00Z", "modified": "2025-01-26T10:09:12.181Z", "utilisateur": 2, "categorie": 1, "sous_categorie": 1, "titre": "Cloud 9 Rooftop Bar", "description": "Bar-restaurant panoramique avec DJ les weekends. Vue à 360° sur Abidjan.", "localisation": "Marcory, Abidjan", "date_evenement": null, "est_actif": true, "favoris": []}}, {"model": "core.annonce", "pk": 4, "fields": {"created": "2024-01-26T00:00:00Z", "modified": "2025-01-26T10:09:27.151Z", "utilisateur": 2, "categorie": 1, "sous_categorie": 2, "titre": "Irish Pub Abidjan", "description": "Authentique pub irlandais avec large sélection de bières et ambiance conviviale.", "localisation": "Zone 4, Abidjan", "date_evenement": null, "est_actif": true, "favoris": []}}, {"model": "core.annonce", "pk": 5, "fields": {"created": "2024-01-26T00:00:00Z", "modified": "2025-01-26T10:09:38.066Z", "utilisateur": 2, "categorie": 1, "sous_categorie": 2, "titre": "Le Comptoir", "description": "Pub moderne avec écrans géants pour les événements sportifs. Happy hour tous les jours.", "localisation": "Plateau, Abidjan", "date_evenement": null, "est_actif": true, "favoris": []}}, {"model": "core.annonce", "pk": 6, "fields": {"created": "2024-01-26T00:00:00Z", "modified": "2025-01-26T10:09:46.726Z", "utilisateur": 2, "categorie": 1, "sous_categorie": 2, "titre": "The Beer Garden", "description": "Grand jardin avec plus de 50 bières différentes. Ambiance décontractée et grillades.", "localisation": "Cocody, Abidjan", "date_evenement": null, "est_actif": true, "favoris": []}}, {"model": "core.annonce", "pk": 7, "fields": {"created": "2024-01-26T00:00:00Z", "modified": "2025-01-26T10:09:57.238Z", "utilisateur": 2, "categorie": 1, "sous_categorie": 3, "titre": "Le Life Star", "description": "La plus grande boîte de nuit d'Abidjan. DJ internationaux et shows exclusifs.", "localisation": "Zone 4, Abidjan", "date_evenement": null, "est_actif": true, "favoris": []}}, {"model": "core.annonce", "pk": 8, "fields": {"created": "2024-01-26T00:00:00Z", "modified": "2025-01-26T10:10:18.857Z", "utilisateur": 2, "categorie": 1, "sous_categorie": 3, "titre": "Club Vegas", "description": "Ambiance Las Vegas au cur d'Abidjan. Tables VIP et spectacles.", "localisation": "Plateau, Abidjan", "date_evenement": null, "est_actif": true, "favoris": []}}, {"model": "core.annonce", "pk": 9, "fields": {"created": "2024-01-26T00:00:00Z", "modified": "2025-01-26T10:10:31.685Z", "utilisateur": 2, "categorie": 1, "sous_categorie": 3, "titre": "Le Duplex", "description": "Club sur deux étages avec différentes ambiances musicales. Terrasse fumeurs.", "localisation": "Marcory, Abidjan", "date_evenement": null, "est_actif": true, "favoris": []}}, {"model": "core.annonce", "pk": 10, "fields": {"created": "2024-01-26T00:00:00Z", "modified": "2025-01-26T10:10:41.851Z", "utilisateur": 2, "categorie": 2, "sous_categorie": 4, "titre": "Safari Parc Banco", "description": "Découverte de la faune et flore du Parc National du Banco. Guide expérimenté.", "localisation": "Parc du Banco, Abidjan", "date_evenement": null, "est_actif": true, "favoris": []}}, {"model": "core.annonce", "pk": 11, "fields": {"created": "2024-01-26T00:00:00Z", "modified": "2025-01-26T10:10:48.798Z", "utilisateur": 2, "categorie": 2, "sous_categorie": 4, "titre": "Îles Éhotilé Tour", "description": "Excursion en bateau vers les îles Éhotilé. Baignade et pique-nique inclus.", "localisation": "Adiaké", "date_evenement": null, "est_actif": true, "favoris": []}}, {"model": "core.annonce", "pk": 12, "fields": {"created": "2024-01-26T00:00:00Z", "modified": "2025-01-26T10:10:55.432Z", "utilisateur": 2, "categorie": 2, "sous_categorie": 4, "titre": "Cascade de Man", "description": "Randonnée guidée vers les magnifiques cascades de Man. Transport inclus.", "localisation": "Man", "date_evenement": null, "est_actif": true, "favoris": []}}, {"model": "core.annonce", "pk": 13, "fields": {"created": "2024-01-26T00:00:00Z", "modified": "2025-01-26T10:11:01.882Z", "utilisateur": 2, "categorie": 2, "sous_categorie": 5, "titre": "Basilique Notre-Dame", "description": "Visite guidée de la majestueuse Basilique Notre-Dame de la Paix. Architecture unique.", "localisation": "Yamoussoukro", "date_evenement": null, "est_actif": true, "favoris": []}}, {"model": "core.annonce", "pk": 14, "fields": {"created": "2024-01-26T00:00:00Z", "modified": "2025-01-26T10:11:09.433Z", "utilisateur": 2, "categorie": 2, "sous_categorie": 5, "titre": "Village artisanal", "description": "Découverte de l'artisanat local. Démonstrations et ateliers disponibles.", "localisation": "Cocody, Abidjan", "date_evenement": null, "est_actif": true, "favoris": []}}, {"model": "core.annonce", "pk": 15, "fields": {"created": "2024-01-26T00:00:00Z", "modified": "2025-01-26T10:11:17.121Z", "utilisateur": 2, "categorie": 2, "sous_categorie": 5, "titre": "Musée des Civilisations", "description": "Exposition permanente sur l'histoire et la culture ivoirienne.", "localisation": "Plateau, Abidjan", "date_evenement": null, "est_actif": true, "favoris": []}}, {"model": "core.annonce", "pk": 16, "fields": {"created": "2024-01-26T00:00:00Z", "modified": "2025-01-26T10:11:46.450Z", "utilisateur": 2, "categorie": 3, "sous_categorie": 6, "titre": "Magic System en Concert", "description": "Le groupe légendaire Magic System en concert exclusif. Guest stars.", "localisation": "Palais de la Culture, Treichville", "date_evenement": "2024-02-16T02:00:00Z", "est_actif": true, "favoris": []}}, {"model": "core.annonce", "pk": 17, "fields": {"created": "2024-01-26T00:00:00Z", "modified": "2025-01-26T10:11:56.567Z", "utilisateur": 2, "categorie": 3, "sous_categorie": 6, "titre": "Festival Reggae", "description": "Grand festival reggae avec artistes nationaux et internationaux.", "localisation": "Stade FHB, Abidjan", "date_evenement": "2024-03-02T00:00:00Z", "est_actif": true, "favoris": []}}, {"model": "core.annonce", "pk": 18, "fields": {"created": "2024-01-26T00:00:00Z", "modified": "2025-01-26T10:12:11.187Z", "utilisateur": 2, "categorie": 3, "sous_categorie": 6, "titre": "Concert Classique", "description": "Orchestre symphonique d'Abidjan. Programme: Mozart et Beethoven.", "localisation": "Sofitel Abidjan", "date_evenement": "2024-02-29T01:30:00Z", "est_actif": true, "favoris": []}}, {"model": "core.annonce", "pk": 19, "fields": {"created": "2024-01-26T00:00:00Z", "modified": "2025-01-26T10:12:24.101Z", "utilisateur": 2, "categorie": 3, "sous_categorie": 7, "titre": "Brunch & Jazz", "description": "Brunch gourmet accompagné de jazz live. Buffet international.", "localisation": "Pullman Abidjan", "date_evenement": "2024-02-18T17:00:00Z", "est_actif": true, "favoris": []}}, {"model": "core.annonce", "pk": 20, "fields": {"created": "2024-01-26T00:00:00Z", "modified": "2025-01-26T10:12:34.549Z", "utilisateur": 2, "categorie": 3, "sous_categorie": 7, "titre": "Brunch Healthy", "description": "Brunch healthy et détox. Produits bio et locaux.", "localisation": "Green House, Cocody", "date_evenement": "2024-02-25T16:30:00Z", "est_actif": true, "favoris": []}}, {"model": "core.annonce", "pk": 21, "fields": {"created": "2024-01-26T00:00:00Z", "modified": "2025-01-26T10:12:44.615Z", "utilisateur": 2, "categorie": 3, "sous_categorie": 7, "titre": "Brunch Africain", "description": "Découverte des saveurs africaines dans un cadre traditionnel.", "localisation": "Maquis du Vallon, Cocody", "date_evenement": "2024-03-03T17:30:00Z", "est_actif": true, "favoris": []}}, {"model": "core.annonce", "pk": 22, "fields": {"created": "2024-01-26T00:00:00Z", "modified": "2025-01-26T10:12:54.417Z", "utilisateur": 2, "categorie": 3, "sous_categorie": 8, "titre": "Nouvel An Chinois", "description": "Grande célébration du Nouvel An Chinois. Spectacles et buffet asiatique.", "localisation": "Hôtel Tiama, Plateau", "date_evenement": "2024-02-11T01:00:00Z", "est_actif": true, "favoris": []}}, {"model": "core.annonce", "pk": 23, "fields": {"created": "2024-01-26T00:00:00Z", "modified": "2025-01-26T10:13:12.416Z", "utilisateur": 2, "categorie": 3, "sous_categorie": 8, "titre": "Soirée Salsa", "description": "Soirée dansante salsa avec cours d'initiation et shows.", "localisation": "La Dolce Vita, Zone 4", "date_evenement": "2024-02-24T02:00:00Z", "est_actif": true, "favoris": []}}, {"model": "core.annonce", "pk": 24, "fields": {"created": "2024-01-26T00:00:00Z", "modified": "2025-01-26T10:13:24.899Z", "utilisateur": 2, "categorie": 3, "sous_categorie": 8, "titre": "Gala de Charité", "description": "Dîner de gala au profit des enfants défavorisés. Tenue de soirée exigée.", "localisation": "Sofitel Abidjan", "date_evenement": "2024-03-16T00:30:00Z", "est_actif": true, "favoris": []}}, {"model": "core.horaire", "pk": 386, "fields": {"annonce": 3, "jour": "Lundi", "heure_ouverture": "09:00:00", "heure_fermeture": "18:00:00"}}, {"model": "core.horaire", "pk": 387, "fields": {"annonce": 3, "jour": "Mardi", "heure_ouverture": "09:00:00", "heure_fermeture": "18:00:00"}}, {"model": "core.horaire", "pk": 388, "fields": {"annonce": 3, "jour": "Mercredi", "heure_ouverture": "09:00:00", "heure_fermeture": "18:00:00"}}, {"model": "core.horaire", "pk": 389, "fields": {"annonce": 3, "jour": "Jeudi", "heure_ouverture": "09:00:00", "heure_fermeture": "18:00:00"}}, {"model": "core.horaire", "pk": 390, "fields": {"annonce": 3, "jour": "Vendredi", "heure_ouverture": "09:00:00", "heure_fermeture": "18:00:00"}}, {"model": "core.horaire", "pk": 391, "fields": {"annonce": 3, "jour": "Samedi", "heure_ouverture": "10:00:00", "heure_fermeture": "16:00:00"}}, {"model": "core.horaire", "pk": 392, "fields": {"annonce": 3, "jour": "Dimanche", "heure_ouverture": "10:00:00", "heure_fermeture": "16:00:00"}}, {"model": "core.horaire", "pk": 393, "fields": {"annonce": 4, "jour": "Lundi", "heure_ouverture": "09:00:00", "heure_fermeture": "18:00:00"}}, {"model": "core.horaire", "pk": 394, "fields": {"annonce": 4, "jour": "Mardi", "heure_ouverture": "09:00:00", "heure_fermeture": "18:00:00"}}, {"model": "core.horaire", "pk": 395, "fields": {"annonce": 4, "jour": "Mercredi", "heure_ouverture": "09:00:00", "heure_fermeture": "18:00:00"}}, {"model": "core.horaire", "pk": 396, "fields": {"annonce": 4, "jour": "Jeudi", "heure_ouverture": "09:00:00", "heure_fermeture": "18:00:00"}}, {"model": "core.horaire", "pk": 397, "fields": {"annonce": 4, "jour": "Vendredi", "heure_ouverture": "09:00:00", "heure_fermeture": "18:00:00"}}, {"model": "core.horaire", "pk": 398, "fields": {"annonce": 4, "jour": "Samedi", "heure_ouverture": "10:00:00", "heure_fermeture": "16:00:00"}}, {"model": "core.horaire", "pk": 399, "fields": {"annonce": 4, "jour": "Dimanche", "heure_ouverture": "10:00:00", "heure_fermeture": "16:00:00"}}, {"model": "core.horaire", "pk": 400, "fields": {"annonce": 5, "jour": "Lundi", "heure_ouverture": "09:00:00", "heure_fermeture": "18:00:00"}}, {"model": "core.horaire", "pk": 401, "fields": {"annonce": 5, "jour": "Mardi", "heure_ouverture": "09:00:00", "heure_fermeture": "18:00:00"}}, {"model": "core.horaire", "pk": 402, "fields": {"annonce": 5, "jour": "Mercredi", "heure_ouverture": "09:00:00", "heure_fermeture": "18:00:00"}}, {"model": "core.horaire", "pk": 403, "fields": {"annonce": 5, "jour": "Jeudi", "heure_ouverture": "09:00:00", "heure_fermeture": "18:00:00"}}, {"model": "core.horaire", "pk": 404, "fields": {"annonce": 5, "jour": "Vendredi", "heure_ouverture": "09:00:00", "heure_fermeture": "18:00:00"}}, {"model": "core.horaire", "pk": 405, "fields": {"annonce": 5, "jour": "Samedi", "heure_ouverture": "10:00:00", "heure_fermeture": "16:00:00"}}, {"model": "core.horaire", "pk": 406, "fields": {"annonce": 5, "jour": "Dimanche", "heure_ouverture": "10:00:00", "heure_fermeture": "16:00:00"}}, {"model": "core.horaire", "pk": 407, "fields": {"annonce": 6, "jour": "Lundi", "heure_ouverture": "09:00:00", "heure_fermeture": "18:00:00"}}, {"model": "core.horaire", "pk": 408, "fields": {"annonce": 6, "jour": "Mardi", "heure_ouverture": "09:00:00", "heure_fermeture": "18:00:00"}}, {"model": "core.horaire", "pk": 409, "fields": {"annonce": 6, "jour": "Mercredi", "heure_ouverture": "09:00:00", "heure_fermeture": "18:00:00"}}, {"model": "core.horaire", "pk": 410, "fields": {"annonce": 6, "jour": "Jeudi", "heure_ouverture": "09:00:00", "heure_fermeture": "18:00:00"}}, {"model": "core.horaire", "pk": 411, "fields": {"annonce": 6, "jour": "Vendredi", "heure_ouverture": "09:00:00", "heure_fermeture": "18:00:00"}}, {"model": "core.horaire", "pk": 412, "fields": {"annonce": 6, "jour": "Samedi", "heure_ouverture": "10:00:00", "heure_fermeture": "16:00:00"}}, {"model": "core.horaire", "pk": 413, "fields": {"annonce": 6, "jour": "Dimanche", "heure_ouverture": "10:00:00", "heure_fermeture": "16:00:00"}}, {"model": "core.horaire", "pk": 414, "fields": {"annonce": 7, "jour": "Lundi", "heure_ouverture": "09:00:00", "heure_fermeture": "18:00:00"}}, {"model": "core.horaire", "pk": 415, "fields": {"annonce": 7, "jour": "Mardi", "heure_ouverture": "09:00:00", "heure_fermeture": "18:00:00"}}, {"model": "core.horaire", "pk": 416, "fields": {"annonce": 7, "jour": "Mercredi", "heure_ouverture": "09:00:00", "heure_fermeture": "18:00:00"}}, {"model": "core.horaire", "pk": 417, "fields": {"annonce": 7, "jour": "Jeudi", "heure_ouverture": "09:00:00", "heure_fermeture": "18:00:00"}}, {"model": "core.horaire", "pk": 418, "fields": {"annonce": 7, "jour": "Vendredi", "heure_ouverture": "09:00:00", "heure_fermeture": "18:00:00"}}, {"model": "core.horaire", "pk": 419, "fields": {"annonce": 7, "jour": "Samedi", "heure_ouverture": "10:00:00", "heure_fermeture": "16:00:00"}}, {"model": "core.horaire", "pk": 420, "fields": {"annonce": 7, "jour": "Dimanche", "heure_ouverture": "10:00:00", "heure_fermeture": "16:00:00"}}, {"model": "core.horaire", "pk": 428, "fields": {"annonce": 8, "jour": "Lundi", "heure_ouverture": "09:00:00", "heure_fermeture": "18:00:00"}}, {"model": "core.horaire", "pk": 429, "fields": {"annonce": 8, "jour": "Mardi", "heure_ouverture": "09:00:00", "heure_fermeture": "18:00:00"}}, {"model": "core.horaire", "pk": 430, "fields": {"annonce": 8, "jour": "Mercredi", "heure_ouverture": "09:00:00", "heure_fermeture": "18:00:00"}}, {"model": "core.horaire", "pk": 431, "fields": {"annonce": 8, "jour": "Jeudi", "heure_ouverture": "09:00:00", "heure_fermeture": "18:00:00"}}, {"model": "core.horaire", "pk": 432, "fields": {"annonce": 8, "jour": "Vendredi", "heure_ouverture": "09:00:00", "heure_fermeture": "18:00:00"}}, {"model": "core.horaire", "pk": 433, "fields": {"annonce": 8, "jour": "Samedi", "heure_ouverture": "10:00:00", "heure_fermeture": "16:00:00"}}, {"model": "core.horaire", "pk": 434, "fields": {"annonce": 8, "jour": "Dimanche", "heure_ouverture": "10:00:00", "heure_fermeture": "16:00:00"}}, {"model": "core.horaire", "pk": 435, "fields": {"annonce": 9, "jour": "Lundi", "heure_ouverture": "09:00:00", "heure_fermeture": "18:00:00"}}, {"model": "core.horaire", "pk": 436, "fields": {"annonce": 9, "jour": "Mardi", "heure_ouverture": "09:00:00", "heure_fermeture": "18:00:00"}}, {"model": "core.horaire", "pk": 437, "fields": {"annonce": 9, "jour": "Mercredi", "heure_ouverture": "09:00:00", "heure_fermeture": "18:00:00"}}, {"model": "core.horaire", "pk": 438, "fields": {"annonce": 9, "jour": "Jeudi", "heure_ouverture": "09:00:00", "heure_fermeture": "18:00:00"}}, {"model": "core.horaire", "pk": 439, "fields": {"annonce": 9, "jour": "Vendredi", "heure_ouverture": "09:00:00", "heure_fermeture": "18:00:00"}}, {"model": "core.horaire", "pk": 440, "fields": {"annonce": 9, "jour": "Samedi", "heure_ouverture": "10:00:00", "heure_fermeture": "16:00:00"}}, {"model": "core.horaire", "pk": 441, "fields": {"annonce": 9, "jour": "Dimanche", "heure_ouverture": "10:00:00", "heure_fermeture": "16:00:00"}}, {"model": "core.horaire", "pk": 442, "fields": {"annonce": 10, "jour": "Lundi", "heure_ouverture": "09:00:00", "heure_fermeture": "18:00:00"}}, {"model": "core.horaire", "pk": 443, "fields": {"annonce": 10, "jour": "Mardi", "heure_ouverture": "09:00:00", "heure_fermeture": "18:00:00"}}, {"model": "core.horaire", "pk": 444, "fields": {"annonce": 10, "jour": "Mercredi", "heure_ouverture": "09:00:00", "heure_fermeture": "18:00:00"}}, {"model": "core.horaire", "pk": 445, "fields": {"annonce": 10, "jour": "Jeudi", "heure_ouverture": "09:00:00", "heure_fermeture": "18:00:00"}}, {"model": "core.horaire", "pk": 446, "fields": {"annonce": 10, "jour": "Vendredi", "heure_ouverture": "09:00:00", "heure_fermeture": "18:00:00"}}, {"model": "core.horaire", "pk": 447, "fields": {"annonce": 10, "jour": "Samedi", "heure_ouverture": "10:00:00", "heure_fermeture": "16:00:00"}}, {"model": "core.horaire", "pk": 448, "fields": {"annonce": 10, "jour": "Dimanche", "heure_ouverture": "10:00:00", "heure_fermeture": "16:00:00"}}, {"model": "core.horaire", "pk": 449, "fields": {"annonce": 11, "jour": "Lundi", "heure_ouverture": "09:00:00", "heure_fermeture": "18:00:00"}}, {"model": "core.horaire", "pk": 450, "fields": {"annonce": 11, "jour": "Mardi", "heure_ouverture": "09:00:00", "heure_fermeture": "18:00:00"}}, {"model": "core.horaire", "pk": 451, "fields": {"annonce": 11, "jour": "Mercredi", "heure_ouverture": "09:00:00", "heure_fermeture": "18:00:00"}}, {"model": "core.horaire", "pk": 452, "fields": {"annonce": 11, "jour": "Jeudi", "heure_ouverture": "09:00:00", "heure_fermeture": "18:00:00"}}, {"model": "core.horaire", "pk": 453, "fields": {"annonce": 11, "jour": "Vendredi", "heure_ouverture": "09:00:00", "heure_fermeture": "18:00:00"}}, {"model": "core.horaire", "pk": 454, "fields": {"annonce": 11, "jour": "Samedi", "heure_ouverture": "10:00:00", "heure_fermeture": "16:00:00"}}, {"model": "core.horaire", "pk": 455, "fields": {"annonce": 11, "jour": "Dimanche", "heure_ouverture": "10:00:00", "heure_fermeture": "16:00:00"}}, {"model": "core.horaire", "pk": 456, "fields": {"annonce": 12, "jour": "Lundi", "heure_ouverture": "09:00:00", "heure_fermeture": "18:00:00"}}, {"model": "core.horaire", "pk": 457, "fields": {"annonce": 12, "jour": "Mardi", "heure_ouverture": "09:00:00", "heure_fermeture": "18:00:00"}}, {"model": "core.horaire", "pk": 458, "fields": {"annonce": 12, "jour": "Mercredi", "heure_ouverture": "09:00:00", "heure_fermeture": "18:00:00"}}, {"model": "core.horaire", "pk": 459, "fields": {"annonce": 12, "jour": "Jeudi", "heure_ouverture": "09:00:00", "heure_fermeture": "18:00:00"}}, {"model": "core.horaire", "pk": 460, "fields": {"annonce": 12, "jour": "Vendredi", "heure_ouverture": "09:00:00", "heure_fermeture": "18:00:00"}}, {"model": "core.horaire", "pk": 461, "fields": {"annonce": 12, "jour": "Samedi", "heure_ouverture": "10:00:00", "heure_fermeture": "16:00:00"}}, {"model": "core.horaire", "pk": 462, "fields": {"annonce": 12, "jour": "Dimanche", "heure_ouverture": "10:00:00", "heure_fermeture": "16:00:00"}}, {"model": "core.horaire", "pk": 463, "fields": {"annonce": 13, "jour": "Lundi", "heure_ouverture": "09:00:00", "heure_fermeture": "18:00:00"}}, {"model": "core.horaire", "pk": 464, "fields": {"annonce": 13, "jour": "Mardi", "heure_ouverture": "09:00:00", "heure_fermeture": "18:00:00"}}, {"model": "core.horaire", "pk": 465, "fields": {"annonce": 13, "jour": "Mercredi", "heure_ouverture": "09:00:00", "heure_fermeture": "18:00:00"}}, {"model": "core.horaire", "pk": 466, "fields": {"annonce": 13, "jour": "Jeudi", "heure_ouverture": "09:00:00", "heure_fermeture": "18:00:00"}}, {"model": "core.horaire", "pk": 467, "fields": {"annonce": 13, "jour": "Vendredi", "heure_ouverture": "09:00:00", "heure_fermeture": "18:00:00"}}, {"model": "core.horaire", "pk": 468, "fields": {"annonce": 13, "jour": "Samedi", "heure_ouverture": "10:00:00", "heure_fermeture": "16:00:00"}}, {"model": "core.horaire", "pk": 469, "fields": {"annonce": 13, "jour": "Dimanche", "heure_ouverture": "10:00:00", "heure_fermeture": "16:00:00"}}, {"model": "core.horaire", "pk": 470, "fields": {"annonce": 14, "jour": "Lundi", "heure_ouverture": "09:00:00", "heure_fermeture": "18:00:00"}}, {"model": "core.horaire", "pk": 471, "fields": {"annonce": 14, "jour": "Mardi", "heure_ouverture": "09:00:00", "heure_fermeture": "18:00:00"}}, {"model": "core.horaire", "pk": 472, "fields": {"annonce": 14, "jour": "Mercredi", "heure_ouverture": "09:00:00", "heure_fermeture": "18:00:00"}}, {"model": "core.horaire", "pk": 473, "fields": {"annonce": 14, "jour": "Jeudi", "heure_ouverture": "09:00:00", "heure_fermeture": "18:00:00"}}, {"model": "core.horaire", "pk": 474, "fields": {"annonce": 14, "jour": "Vendredi", "heure_ouverture": "09:00:00", "heure_fermeture": "18:00:00"}}, {"model": "core.horaire", "pk": 475, "fields": {"annonce": 14, "jour": "Samedi", "heure_ouverture": "10:00:00", "heure_fermeture": "16:00:00"}}, {"model": "core.horaire", "pk": 476, "fields": {"annonce": 14, "jour": "Dimanche", "heure_ouverture": "10:00:00", "heure_fermeture": "16:00:00"}}, {"model": "core.horaire", "pk": 477, "fields": {"annonce": 15, "jour": "Lundi", "heure_ouverture": "09:00:00", "heure_fermeture": "18:00:00"}}, {"model": "core.horaire", "pk": 478, "fields": {"annonce": 15, "jour": "Mardi", "heure_ouverture": "09:00:00", "heure_fermeture": "18:00:00"}}, {"model": "core.horaire", "pk": 479, "fields": {"annonce": 15, "jour": "Mercredi", "heure_ouverture": "09:00:00", "heure_fermeture": "18:00:00"}}, {"model": "core.horaire", "pk": 480, "fields": {"annonce": 15, "jour": "Jeudi", "heure_ouverture": "09:00:00", "heure_fermeture": "18:00:00"}}, {"model": "core.horaire", "pk": 481, "fields": {"annonce": 15, "jour": "Vendredi", "heure_ouverture": "09:00:00", "heure_fermeture": "18:00:00"}}, {"model": "core.horaire", "pk": 482, "fields": {"annonce": 15, "jour": "Samedi", "heure_ouverture": "10:00:00", "heure_fermeture": "16:00:00"}}, {"model": "core.horaire", "pk": 483, "fields": {"annonce": 15, "jour": "Dimanche", "heure_ouverture": "10:00:00", "heure_fermeture": "16:00:00"}}, {"model": "core.tarif", "pk": 147, "fields": {"annonce": 3, "nom": "Entrée standard (FCFA)", "prix": "5000.00"}}, {"model": "core.tarif", "pk": 148, "fields": {"annonce": 3, "nom": "Tarif réduit (FCFA)", "prix": "3000.00"}}, {"model": "core.tarif", "pk": 149, "fields": {"annonce": 4, "nom": "Entrée standard (FCFA)", "prix": "5000.00"}}, {"model": "core.tarif", "pk": 150, "fields": {"annonce": 4, "nom": "Tarif réduit (FCFA)", "prix": "3000.00"}}, {"model": "core.tarif", "pk": 151, "fields": {"annonce": 5, "nom": "Entrée standard (FCFA)", "prix": "5000.00"}}, {"model": "core.tarif", "pk": 152, "fields": {"annonce": 5, "nom": "Tarif réduit (FCFA)", "prix": "3000.00"}}, {"model": "core.tarif", "pk": 153, "fields": {"annonce": 6, "nom": "Entrée standard (FCFA)", "prix": "5000.00"}}, {"model": "core.tarif", "pk": 154, "fields": {"annonce": 6, "nom": "Tarif réduit (FCFA)", "prix": "3000.00"}}, {"model": "core.tarif", "pk": 155, "fields": {"annonce": 7, "nom": "Entrée standard (FCFA)", "prix": "5000.00"}}, {"model": "core.tarif", "pk": 156, "fields": {"annonce": 7, "nom": "Tarif réduit (FCFA)", "prix": "3000.00"}}, {"model": "core.tarif", "pk": 159, "fields": {"annonce": 8, "nom": "Entrée standard (FCFA)", "prix": "5000.00"}}, {"model": "core.tarif", "pk": 160, "fields": {"annonce": 8, "nom": "Tarif réduit (FCFA)", "prix": "3000.00"}}, {"model": "core.tarif", "pk": 161, "fields": {"annonce": 9, "nom": "Entrée standard (FCFA)", "prix": "5000.00"}}, {"model": "core.tarif", "pk": 162, "fields": {"annonce": 9, "nom": "Tarif réduit (FCFA)", "prix": "3000.00"}}, {"model": "core.tarif", "pk": 163, "fields": {"annonce": 10, "nom": "Entrée standard (FCFA)", "prix": "5000.00"}}, {"model": "core.tarif", "pk": 164, "fields": {"annonce": 10, "nom": "Tarif réduit (FCFA)", "prix": "3000.00"}}, {"model": "core.tarif", "pk": 165, "fields": {"annonce": 11, "nom": "Entrée standard (FCFA)", "prix": "5000.00"}}, {"model": "core.tarif", "pk": 166, "fields": {"annonce": 11, "nom": "Tarif réduit (FCFA)", "prix": "3000.00"}}, {"model": "core.tarif", "pk": 167, "fields": {"annonce": 12, "nom": "Entrée standard (FCFA)", "prix": "5000.00"}}, {"model": "core.tarif", "pk": 168, "fields": {"annonce": 12, "nom": "Tarif réduit (FCFA)", "prix": "3000.00"}}, {"model": "core.tarif", "pk": 169, "fields": {"annonce": 13, "nom": "Entrée standard (FCFA)", "prix": "5000.00"}}, {"model": "core.tarif", "pk": 170, "fields": {"annonce": 13, "nom": "Tarif réduit (FCFA)", "prix": "3000.00"}}, {"model": "core.tarif", "pk": 171, "fields": {"annonce": 14, "nom": "Entrée standard (FCFA)", "prix": "5000.00"}}, {"model": "core.tarif", "pk": 172, "fields": {"annonce": 14, "nom": "Tarif réduit (FCFA)", "prix": "3000.00"}}, {"model": "core.tarif", "pk": 173, "fields": {"annonce": 15, "nom": "Entrée standard (FCFA)", "prix": "5000.00"}}, {"model": "core.tarif", "pk": 174, "fields": {"annonce": 15, "nom": "Tarif réduit (FCFA)", "prix": "3000.00"}}, {"model": "core.tarif", "pk": 175, "fields": {"annonce": 16, "nom": "Entrée standard (FCFA)", "prix": "5000.00"}}, {"model": "core.tarif", "pk": 176, "fields": {"annonce": 16, "nom": "Tarif réduit (FCFA)", "prix": "3000.00"}}, {"model": "core.tarif", "pk": 177, "fields": {"annonce": 17, "nom": "Entrée standard (FCFA)", "prix": "5000.00"}}, {"model": "core.tarif", "pk": 178, "fields": {"annonce": 17, "nom": "Tarif réduit (FCFA)", "prix": "3000.00"}}, {"model": "core.tarif", "pk": 179, "fields": {"annonce": 18, "nom": "Entrée standard (FCFA)", "prix": "5000.00"}}, {"model": "core.tarif", "pk": 180, "fields": {"annonce": 18, "nom": "Tarif réduit (FCFA)", "prix": "3000.00"}}, {"model": "core.tarif", "pk": 181, "fields": {"annonce": 19, "nom": "Entrée standard (FCFA)", "prix": "5000.00"}}, {"model": "core.tarif", "pk": 182, "fields": {"annonce": 19, "nom": "Tarif réduit (FCFA)", "prix": "3000.00"}}, {"model": "core.tarif", "pk": 183, "fields": {"annonce": 20, "nom": "Entrée standard (FCFA)", "prix": "5000.00"}}, {"model": "core.tarif", "pk": 184, "fields": {"annonce": 20, "nom": "Tarif réduit (FCFA)", "prix": "3000.00"}}, {"model": "core.tarif", "pk": 185, "fields": {"annonce": 21, "nom": "Entrée standard (FCFA)", "prix": "5000.00"}}, {"model": "core.tarif", "pk": 186, "fields": {"annonce": 21, "nom": "Tarif réduit (FCFA)", "prix": "3000.00"}}, {"model": "core.tarif", "pk": 187, "fields": {"annonce": 22, "nom": "Entrée standard (FCFA)", "prix": "5000.00"}}, {"model": "core.tarif", "pk": 188, "fields": {"annonce": 22, "nom": "Tarif réduit (FCFA)", "prix": "3000.00"}}, {"model": "core.tarif", "pk": 189, "fields": {"annonce": 23, "nom": "Entrée standard (FCFA)", "prix": "5000.00"}}, {"model": "core.tarif", "pk": 190, "fields": {"annonce": 23, "nom": "Tarif réduit (FCFA)", "prix": "3000.00"}}, {"model": "core.tarif", "pk": 191, "fields": {"annonce": 24, "nom": "Entrée standard (FCFA)", "prix": "5000.00"}}, {"model": "core.tarif", "pk": 192, "fields": {"annonce": 24, "nom": "Tarif réduit (FCFA)", "prix": "3000.00"}}, {"model": "core.galeriephoto", "pk": 2, "fields": {"annonce": 3, "image": "annonces/photos/4_PTPiCcU.png"}}, {"model": "core.galeriephoto", "pk": 3, "fields": {"annonce": 4, "image": "annonces/photos/3.png"}}, {"model": "core.galeriephoto", "pk": 4, "fields": {"annonce": 5, "image": "annonces/photos/3_8BlNQjb.png"}}, {"model": "core.galeriephoto", "pk": 5, "fields": {"annonce": 6, "image": "annonces/photos/6_2zz5T9Y.png"}}, {"model": "core.galeriephoto", "pk": 6, "fields": {"annonce": 7, "image": "annonces/photos/1_U9BSU5Y.png"}}, {"model": "core.galeriephoto", "pk": 7, "fields": {"annonce": 8, "image": "annonces/photos/1_qSNBr68.png"}}, {"model": "core.galeriephoto", "pk": 8, "fields": {"annonce": 9, "image": "annonces/photos/1_SS0Z0a3.png"}}, {"model": "core.galeriephoto", "pk": 9, "fields": {"annonce": 10, "image": "annonces/photos/5_Dw6lJlZ.png"}}, {"model": "core.galeriephoto", "pk": 10, "fields": {"annonce": 11, "image": "annonces/photos/5_NGY9rPL.png"}}, {"model": "core.galeriephoto", "pk": 11, "fields": {"annonce": 12, "image": "annonces/photos/5_C14gbiM.png"}}, {"model": "core.galeriephoto", "pk": 12, "fields": {"annonce": 13, "image": "annonces/photos/9.png"}}, {"model": "core.galeriephoto", "pk": 13, "fields": {"annonce": 14, "image": "annonces/photos/9_jkHJpGd.png"}}, {"model": "core.galeriephoto", "pk": 14, "fields": {"annonce": 15, "image": "annonces/photos/9_FQeBYFb.png"}}, {"model": "core.galeriephoto", "pk": 15, "fields": {"annonce": 16, "image": "annonces/photos/2.png"}}, {"model": "core.galeriephoto", "pk": 16, "fields": {"annonce": 17, "image": "annonces/photos/2_qeWT8oN.png"}}, {"model": "core.galeriephoto", "pk": 17, "fields": {"annonce": 18, "image": "annonces/photos/7.png"}}, {"model": "core.galeriephoto", "pk": 18, "fields": {"annonce": 19, "image": "annonces/photos/8_F9YdYiR.png"}}, {"model": "core.galeriephoto", "pk": 19, "fields": {"annonce": 20, "image": "annonces/photos/6_ORBj7J0.png"}}, {"model": "core.galeriephoto", "pk": 20, "fields": {"annonce": 21, "image": "annonces/photos/7_nOZcPo9.png"}}, {"model": "core.galeriephoto", "pk": 21, "fields": {"annonce": 22, "image": "annonces/photos/8_O5PGDFO.png"}}, {"model": "core.galeriephoto", "pk": 22, "fields": {"annonce": 23, "image": "annonces/photos/2_yguqoqg.png"}}, {"model": "core.galeriephoto", "pk": 23, "fields": {"annonce": 24, "image": "annonces/photos/6_Q7egi43.png"}}, {"model": "users.user", "pk": 1, "fields": {"password": "pbkdf2_sha256$870000$dH9mRrVirgXhXXqobQxAPz$ibDbnViX8dmeixZ272ca3Li+7OvEefjPNwG89L8B7nE=", "last_login": "2025-01-31T09:17:54.377Z", "is_superuser": true, "username": "admin", "first_name": "", "last_name": "", "is_staff": true, "is_active": true, "date_joined": "2025-01-23T21:11:06.024Z", "email": "admin@chillnow-ci.com", "phone_number": null, "address": null, "city": null, "role": "ADMIN", "profile_image": "", "banner_image": "", "groups": [], "user_permissions": []}}, {"model": "users.user", "pk": 2, "fields": {"password": "pbkdf2_sha256$870000$G0EZYwxd3yofaUcYCx33BS$Vm5nVaUxfuCD8iWJXxxreFBmwBR+j+j9skkpMmYpME4=", "last_login": "2025-01-24T05:52:14.664Z", "is_superuser": false, "username": "infos", "first_name": "Info CI", "last_name": "Chill Now", "is_staff": false, "is_active": true, "date_joined": "2025-01-23T21:32:55.953Z", "email": "infos@chillnow-ci.com", "phone_number": "0709584841", "address": "Marcory residentiel", "city": "Abidjan", "role": "ADMIN", "profile_image": "profile_images/9.png", "banner_image": "", "groups": [], "user_permissions": []}}]